Player,Maps,Rounds,K-D Diff,K/D,Rating1.0,deaths,kills,abates_por_rounds,mortes_por_rounds,classificacao,dano_por_round,rounds_vivo_vitoria,clutchs_ganhos,grau_consistencia
ZywOo,1102,28688,6476,1.38,1.25,17042.1052631579,23518.1052631579,0.8197889453136469,0.5940499603722079,1.25,93.75,74.13541371520358,3.0,8.536552231172484
s1mple,1363,36228,8168,1.36,1.25,22688.888888888883,30856.888888888883,0.8517414400157028,0.6262804705997814,1.25,93.75,69.24479981395143,3.0,8.536552231172484
sh1ro,964,25288,5726,1.42,1.21,13633.333333333336,19359.333333333336,0.7655541495307393,0.5391226405146052,1.21,90.75,80.23215775035428,3.0,7.538577666156529
device,1595,41412,6311,1.25,1.16,25244.0,31555.0,0.7619772046749734,0.6095817637399787,1.16,87.0,67.51324852418088,3.0,7.31450337532136
NiKo,1705,44698,5507,1.19,1.14,28984.210526315797,34491.210526315794,0.7716499737419078,0.6484453560856369,1.14,85.49999999999999,61.187220776018094,3.0,7.292112075100464
blameF,1047,27669,4009,1.24,1.14,16704.166666666668,20713.166666666668,0.748605539291867,0.6037141445902153,1.14,85.49999999999999,67.37737823526462,3.0,6.917790559478366
XANTARES,1640,43384,4446,1.15,1.13,29640.00000000002,34086.00000000002,0.7856813571823719,0.6832011801585842,1.13,84.74999999999999,55.992948732648316,3.0,7.368516293927689
coldzera,1364,35678,4516,1.2,1.12,22580.000000000004,27096.000000000004,0.7594596109647402,0.6328830091372836,1.12,84.00000000000001,62.44953281587599,3.0,6.89475960434868
KSCERATO,949,24517,3280,1.23,1.12,14260.869565217392,17540.869565217392,0.7154574199623687,0.5816726991563973,1.12,84.00000000000001,69.41197515675029,3.0,6.153558604701151
oskar,1387,35997,4186,1.18,1.12,23255.555555555562,27441.555555555562,0.7623289595120583,0.6460414911119138,1.12,84.00000000000001,60.6605342318801,3.0,6.945233358483807
ropz,1446,37702,4632,1.2,1.11,23160.000000000004,27792.000000000004,0.7371492228528992,0.6142910190440827,1.11,83.25000000000001,64.50904368304106,3.0,6.376384910615479
Jame,1317,34424,5189,1.28,1.11,18532.142857142855,23721.142857142855,0.6890873476976196,0.5383494903887652,1.11,83.25000000000001,74.74170259766142,3.0,5.870561925919236
El1an,735,19721,2402,1.2,1.11,12010.000000000002,14412.000000000002,0.7307945844531212,0.6089954870442676,1.11,83.25000000000001,65.22258439897146,3.0,6.258757200630548
xsepower,845,23019,2863,1.21,1.1,13633.333333333336,16496.333333333336,0.7166398772028905,0.5922643613247028,1.1,82.5,66.98204776619278,3.0,5.851352663703972
woxic,1110,28841,3047,1.17,1.09,17923.529411764714,20970.529411764714,0.727108262950824,0.6214600538041231,1.09,81.75,62.62403366248976,3.0,6.058030724658662
frozen,1122,28942,2774,1.15,1.09,18493.333333333343,21267.333333333343,0.7348259737866542,0.6389791076405689,1.09,81.75,60.305980833402415,3.0,6.207702539048612
Twistzz,1600,41831,3896,1.15,1.09,25973.33333333335,29869.33333333335,0.7140477954945699,0.6209111265170173,1.09,81.75,62.69666557872897,3.0,5.798403022399066
Ax1Le,1007,26355,2373,1.14,1.09,16950.00000000001,19323.00000000001,0.7331815594763806,0.6431417188389305,1.09,81.75,59.75520036575644,3.0,6.176054141205399
kennyS,1271,34009,3294,1.15,1.09,21960.000000000015,25254.000000000015,0.742568143726661,0.6457114293275313,1.09,81.75,59.41518630314509,3.0,6.356412741374039
zorte,812,20975,2278,1.18,1.08,12655.55555555556,14933.55555555556,0.711969275592637,0.6033637928751161,1.08,81.0,64.5369799610442,3.0,5.755944304232504
nawwk,1010,26342,2839,1.18,1.08,15772.222222222228,18611.22222222223,0.7065227477876482,0.5987480913454646,1.08,81.0,65.1421085306635,3.0,5.642634772091453
HEN1,1176,30378,3394,1.19,1.08,17863.157894736847,21257.157894736847,0.6997550166152099,0.5880294257270672,1.08,81.0,66.54734904550637,3.0,5.500000000000005
dream3r,684,18046,1663,1.15,1.08,11086.666666666673,12749.666666666673,0.7065092910709672,0.6143559052791019,1.08,81.0,63.09588997431345,3.0,5.642348890808636
hades,812,21263,2060,1.16,1.08,12875.000000000007,14935.000000000007,0.7023938296571512,0.6055119221182339,1.08,81.0,64.25535551719862,3.0,5.5533458498019135
huNter-,1378,36173,2593,1.11,1.08,23572.72727272725,26165.72727272725,0.7233496605956722,0.6516663608970019,1.08,81.0,58.20440760811955,3.0,5.984836179688046
GuardiaN,886,23195,2065,1.14,1.08,14750.000000000011,16815.00000000001,0.7249407199827553,0.635912912265575,1.08,81.0,60.269719191996245,3.0,6.015882421385322
EliGE,1719,45003,2887,1.09,1.07,32077.77777777775,34964.777777777745,0.7769432655106936,0.7127919867070583,1.07,80.25,49.84205988780224,3.0,7.020901368456496
NAF,1648,43060,3836,1.14,1.07,27400.00000000002,31236.00000000002,0.7254064096609386,0.6363214119832795,1.07,80.25,59.774691220288375,3.0,6.024933985287594
syrsoN,1401,37316,3145,1.13,1.07,24192.307692307713,27337.307692307713,0.7325894440000995,0.6483092424779643,1.07,80.25,58.21761255035375,3.0,6.16463325128383
Brehze,1091,28719,1771,1.09,1.07,19677.77777777776,21448.77777777776,0.746849743298087,0.6851832507321898,1.07,80.25,53.42811108442081,3.0,6.439033360775791
poizon,694,18551,1313,1.11,1.07,11936.363636363625,13249.363636363625,0.7142129069248895,0.6434350512836842,1.07,80.25,58.850712855297324,3.0,5.801802820460097
valde,1216,32352,2374,1.11,1.07,21581.818181818162,23955.818181818162,0.7404741030482864,0.6670937865299877,1.07,80.25,55.777720454713766,3.0,6.316018971943806
broky,985,25743,2313,1.15,1.07,15420.00000000001,17733.000000000007,0.688847453676728,0.5989977858058505,1.07,80.25,64.62259278440013,3.0,5.499999999999998
CeRq,1048,27326,2181,1.13,1.07,16776.92307692309,18957.92307692309,0.6937686846564842,0.613954588191579,1.07,80.25,62.67987946562478,3.0,5.499999999999999
yuurih,950,24545,1878,1.12,1.07,15649.999999999985,17527.999999999985,0.7141169280912604,0.6376044000814824,1.07,80.25,59.60804610444547,3.0,5.799826992836636
allu,1030,27363,2151,1.12,1.07,17924.999999999985,20075.999999999985,0.7336914811972366,0.6550816796403898,1.07,80.25,57.337952343800026,3.0,6.185878414196002
oSee,792,21122,1836,1.14,1.07,13114.285714285723,14950.285714285723,0.7078063495069464,0.6208827627253917,1.07,80.25,61.77999079995111,3.0,5.669761599295021
electroNic,1460,38051,2454,1.1,1.07,24539.999999999978,26993.999999999978,0.7094163096896265,0.6449239178996604,1.07,80.25,58.657326533131496,3.0,5.703402799907843
mir,967,25392,1758,1.1,1.07,17579.999999999985,19337.999999999985,0.7615784499054815,0.6923440453686195,1.07,80.25,52.498007793995505,3.0,6.723347183537377
fer,1212,31983,1837,1.08,1.06,22962.499999999978,24799.499999999978,0.7753963042866516,0.7179595410061589,1.06,79.5,48.82848366082025,3.0,6.990677949038447
k0nfig,1547,41086,1839,1.06,1.06,30649.999999999975,32488.999999999975,0.7907559752713813,0.7459962030862088,1.06,79.5,45.220883839509,3.0,7.300177672579982
Magisk,1638,42751,3118,1.12,1.06,25983.33333333331,29101.33333333331,0.6807170202646327,0.6077830538077077,1.06,79.5,63.00537370554005,3.0,5.4999999999999964
JUGi,697,18216,1581,1.14,1.06,11292.85714285715,12873.85714285715,0.7067334839073973,0.6199416525503486,1.06,79.5,61.44087367603909,3.0,5.6471076459007
draken,938,24851,1875,1.12,1.06,15624.999999999985,17499.999999999985,0.7041970142046592,0.6287473341113028,1.06,79.5,60.30780815150838,3.0,5.592740661432612
nicoodoz,783,20338,1627,1.13,1.06,12515.384615384626,14142.384615384626,0.695367519686529,0.6153694864482557,1.06,79.5,62.0291942673356,3.0,5.5000000000000036
autimatic,1105,28923,1731,1.09,1.06,19233.333333333318,20964.333333333318,0.7248326015051453,0.6649840380781149,1.06,79.5,55.64507310900125,3.0,6.013778731420683
FL1T,1272,33622,2268,1.1,1.06,22679.999999999978,24947.999999999978,0.7420141573969419,0.6745583249063107,1.06,79.5,54.4131077861692,3.0,6.345729398459061
f0rest,1254,33319,2000,1.09,1.05,22222.2222222222,24222.2222222222,0.7269792677517993,0.6669534566530269,1.05,78.75,54.98737116954296,3.0,6.055498357698988
snatchie,1156,31019,1520,1.07,1.05,21714.285714285696,23234.285714285696,0.7490340022014151,0.7000317777583318,1.05,78.75,50.77119312756452,3.0,6.4812689556767555
dupreeh,1692,43855,2653,1.09,1.05,29477.777777777752,32130.777777777752,0.7326593952292271,0.6721645827791073,1.05,78.75,54.323158633579745,3.0,6.165983257457857
ZOREE,834,22437,1525,1.11,1.05,13863.636363636351,15388.636363636351,0.6858598013832665,0.6178917129578977,1.05,78.75,61.24080361582887,3.0,5.499999999999996
ScreaM,776,20405,976,1.07,1.05,13942.85714285713,14918.85714285713,0.7311373262855737,0.6833059124164239,1.05,78.75,52.90307962697731,3.0,6.136557652942301
MICHU,1122,29586,1205,1.06,1.05,20083.333333333314,21288.333333333314,0.7195407737894043,0.678812050744721,1.05,78.75,53.47586930525647,3.0,5.90963146809026
nex,693,18432,986,1.08,1.05,12324.999999999989,13310.999999999989,0.7221679687499994,0.6686740451388883,1.05,78.75,54.768064168734924,3.0,5.961646131768339
Ethan,885,23442,972,1.06,1.05,16199.999999999985,17171.999999999985,0.7325313539800352,0.6910673150755049,1.05,78.75,51.913807669612986,3.0,6.163511996614553
slaxz-,784,21025,1392,1.11,1.05,12654.545454545443,14046.545454545443,0.6680877742946703,0.6018808777429462,1.05,78.75,63.28155204595967,3.0,5.499999999999997
FalleN,1615,42028,2954,1.12,1.05,24616.666666666646,27570.666666666646,0.6560071063735282,0.5857206306906502,1.05,78.75,65.34134457768857,3.0,5.499999999999999
faveN,1236,32883,1696,1.08,1.04,21199.99999999998,22895.99999999998,0.6962868351427783,0.6447100325396096,1.04,78.0,57.39123850933646,3.0,5.500000000000001
Calyx,999,25948,1569,1.1,1.04,15689.999999999985,17258.999999999985,0.6651379682441801,0.6046708802219819,1.04,78.0,62.44604341010347,3.0,5.4999999999999964
zehN,801,21430,980,1.07,1.04,13999.999999999987,14979.999999999987,0.6990200653289774,0.6532897806812873,1.04,78.0,56.30807489463612,3.0,5.5000000000000036
dennyslaw,869,23610,1310,1.09,1.04,14555.555555555542,15865.555555555542,0.6719845639794808,0.616499599981175,1.04,78.0,60.952708333120725,3.0,5.499999999999996
Maka,1139,29618,1658,1.09,1.04,18422.222222222204,20080.222222222204,0.6779736046398205,0.621994132697083,1.04,78.0,60.259042526225784,3.0,5.4999999999999964
jks,1245,32749,1718,1.08,1.04,21474.99999999998,23192.99999999998,0.7082048306818524,0.6557452135943077,1.04,78.0,55.99808495719241,3.0,5.678126807830503
HObbit,1264,33286,1645,1.08,1.04,20562.49999999998,22207.49999999998,0.6671723847863962,0.617752208135552,1.04,78.0,60.79457087338489,3.0,5.499999999999998
acoR,922,24094,1343,1.09,1.04,14922.222222222208,16265.222222222208,0.6750735545041175,0.6193335362423096,1.04,78.0,60.59493365328721,3.0,5.499999999999998
stavn,1162,30744,1396,1.07,1.04,19942.857142857127,21338.857142857127,0.6940820043864535,0.6486747704546294,1.04,78.0,56.890704020391354,3.0,5.500000000000001
tabseN,1693,44827,964,1.03,1.04,32133.333333333303,33097.3333333333,0.7383347833522944,0.7168298867498004,1.04,78.0,48.286355628392506,3.0,6.274991474326601
iDISBALANCE,815,21057,1414,1.11,1.04,12854.545454545443,14268.545454545443,0.6776153039153461,0.610464237761573,1.04,78.0,61.71465199974817,3.0,5.499999999999998
paz,741,19632,821,1.06,1.04,13683.333333333321,14504.333333333321,0.7388107851127405,0.6969913067101325,1.04,78.0,50.79090794291847,3.0,6.284104754071752
suNny,923,24540,789,1.05,1.04,15779.999999999985,16568.999999999985,0.675183374083129,0.6430317848410751,1.04,78.0,57.603111493658304,3.0,5.4999999999999964
cajunb,1147,30159,1572,1.08,1.04,19649.99999999998,21221.99999999998,0.7036705461056395,0.6515468019496662,1.04,78.0,56.52811994865321,3.0,5.5813054207638215
dycha,1008,26488,821,1.05,1.04,16419.999999999985,17240.999999999985,0.6508985200845661,0.6199033524614914,1.04,78.0,60.52299632068817,3.0,5.499999999999996
hallzerk,716,18822,858,1.07,1.04,12257.142857142846,13115.142857142846,0.6967985791702713,0.6512136253927768,1.04,78.0,56.570182339965214,3.0,5.5000000000000036
mou,979,26250,1264,1.07,1.03,18057.14285714284,19321.14285714284,0.7360435374149653,0.6878911564625844,1.03,77.25,51.560898748479865,3.0,6.231081518568501
shox,1309,34623,1423,1.06,1.03,23716.666666666646,25139.666666666646,0.7260972956319974,0.6849974487094315,1.03,77.25,51.922706674739054,3.0,6.038335308064913
Rainwaker,847,23001,1041,1.07,1.03,14871.428571428558,15912.428571428558,0.691814641599433,0.6465557398125541,1.03,77.25,56.729175110497465,3.0,5.499999999999999
ISSAA,683,18045,749,1.06,1.03,12483.333333333323,13232.333333333323,0.7332963886579841,0.6917890459037586,1.03,77.25,51.07353533247414,3.0,6.178267343900885
cadiaN,1319,34857,2045,1.1,1.03,20449.99999999998,22494.99999999998,0.6453510055369074,0.5866827323062794,1.03,77.25,64.21525543811296,3.0,5.499999999999998
rallen,1333,35452,1505,1.06,1.03,25083.33333333331,26588.33333333331,0.74998119523111,0.7075294294633112,1.03,77.25,49.10547358608632,3.0,6.499634992106597
Kjaerbye,1171,31052,1172,1.06,1.03,19533.333333333318,20705.333333333318,0.6667954828459782,0.6290523423075266,1.03,77.25,58.91767114880135,3.0,5.499999999999998
SHiPZ,1228,32888,694,1.03,1.03,23133.333333333314,23827.333333333314,0.724499310792183,0.7033973891186243,1.03,77.25,49.62211350824211,3.0,6.0072884513135225
Brollan,1116,29415,701,1.04,1.02,17524.999999999985,18225.999999999985,0.6196158422573512,0.5957844637089915,1.02,76.5,62.58656097456687,3.0,5.499999999999998
YEKINDAR,935,24792,253,1.01,1.02,25299.999999999978,25552.999999999978,1.03069538560826,1.0204904808002573,1.02,76.5,10.0,3.0,3.4999999999999987
felps,907,23030,282,1.02,1.02,14099.999999999987,14381.999999999987,0.6244897959183668,0.6122448979591831,1.02,76.5,60.54845085949513,3.0,5.499999999999997
koosta,734,19649,373,1.03,1.02,12433.333333333323,12806.333333333323,0.6517549663256819,0.6327718119666814,1.02,76.5,58.00683437271236,3.0,5.499999999999996
Skadoodle,704,18266,1075,1.1,1.02,10749.99999999999,11824.99999999999,0.647377641519763,0.5885251286543299,1.02,76.5,63.48540264415581,3.0,5.5
KRIMZ,1572,40926,1560,1.06,1.02,25999.999999999978,27559.999999999978,0.6734105458632649,0.6352929677955329,1.02,76.5,57.69466805204591,3.0,5.499999999999997
hAdji,909,23857,672,1.04,1.02,16799.999999999985,17471.999999999985,0.7323636668483039,0.7041958335079844,1.02,76.5,49.16320251283366,3.0,6.160274466433242
REZ,1513,39717,981,1.04,1.02,24524.999999999978,25505.999999999978,0.6421935191479714,0.6174937684115109,1.02,76.5,59.8985423699019,3.0,5.4999999999999964
jkaem,1388,36245,392,1.02,1.02,19599.99999999998,19991.99999999998,0.5515795282107872,0.540764243343909,1.02,76.5,69.39909495484426,3.0,5.500000000000002
Happy,713,18493,633,1.05,1.02,12659.999999999989,13292.999999999989,0.7188125236575996,0.6845833558643806,1.02,76.5,51.59159464754191,3.0,5.89508998760134
KENSI,792,20413,706,1.05,1.02,14119.999999999987,14825.999999999987,0.7263018664576489,0.691716063292999,1.02,76.5,50.70843185018465,3.0,6.042297404069806
boltz,968,25814,895,1.05,1.02,17899.999999999985,18794.999999999985,0.7280932827148053,0.6934221740141003,1.02,76.5,50.497183382176054,3.0,6.0773274780622035
roeJ,841,21846,470,1.03,1.02,15666.666666666653,16136.666666666653,0.7386554365406323,0.7171412005248857,1.02,76.5,47.56032356933581,3.0,6.281130744364362
sdy,1189,31124,1249,1.06,1.02,20816.66666666665,22065.66666666665,0.7089598594867835,0.668830056119607,1.02,76.5,53.54214826402423,3.0,5.693906675039393
CRUC1AL,1063,28000,884,1.05,1.01,17679.999999999985,18563.999999999985,0.6629999999999995,0.6314285714285709,1.01,75.75,57.725740485549686,3.0,5.499999999999997
TeSeS,943,24747,551,1.03,1.01,18366.66666666665,18917.66666666665,0.7644428280869054,0.7421775029969956,1.01,75.75,44.14738722815369,3.0,6.778252679072984
olofmeister,1052,27691,810,1.04,1.01,20249.99999999998,21059.99999999998,0.7605359141959475,0.7312845328807187,1.01,75.75,45.482917911532624,3.0,6.703390067014373
Forester,1021,27040,657,1.04,1.01,16424.999999999985,17081.999999999985,0.6317307692307687,0.6074334319526622,1.01,75.75,60.66766033660556,3.0,5.499999999999996
rain,1724,45193,407,1.01,1.01,40699.99999999996,41106.99999999996,0.90958776801717,0.9005819485318515,1.01,75.75,24.72623807074323,3.0,3.499999999999998
bondik,840,22263,658,1.05,1.01,13159.999999999989,13817.999999999989,0.6206710685891385,0.591115303418227,1.01,75.75,62.6683416127338,3.0,5.499999999999997
dennis,1060,28188,381,1.02,1.01,19049.99999999998,19430.99999999998,0.689335887611749,0.6758194976585775,1.01,75.75,52.283198790222976,3.0,5.499999999999998
jabbi,746,19519,502,1.04,1.01,12549.999999999989,13051.999999999989,0.6686817972232179,0.6429632665607864,1.01,75.75,56.31153121956846,3.0,5.499999999999997
mouz,950,25382,654,1.04,1.01,16349.999999999985,17003.999999999985,0.669923567882751,0.6441572768103374,1.01,75.75,56.16513980312993,3.0,5.499999999999998
flusha,1148,30294,583,1.03,1.01,19433.333333333318,20016.333333333318,0.6607358992979903,0.6414911643669808,1.01,75.75,56.492018049873714,3.0,5.499999999999997
twist,1136,30296,393,1.02,1.0,19649.99999999998,20042.99999999998,0.6615724848164768,0.6486004753102714,1.0,75.0,55.19381513565434,3.0,5.499999999999996
GruBy,1017,26973,227,1.01,1.0,22699.999999999978,22926.999999999978,0.8499981462944418,0.8415823230638038,1.0,75.0,31.767572097023873,3.0,5.2237792949205595
aizy,1122,29819,317,1.02,1.0,15849.999999999985,16166.999999999985,0.5421710989637475,0.5315402931017131,1.0,75.0,69.40385774062705,3.0,5.500000000000001
JW,1354,35632,265,1.01,1.0,26499.999999999978,26764.999999999978,0.7511506511001341,0.7437135159407269,1.0,75.0,43.6479561240966,3.0,6.522307353742355
Qikert,1232,32533,752,1.04,1.0,18799.99999999998,19551.99999999998,0.6009897642393871,0.577874773307103,1.0,75.0,63.77927280170391,3.0,5.499999999999998
Xyp9x,1514,40051,1282,1.05,1.0,25639.999999999978,26921.999999999978,0.6721929539836703,0.6401837656987336,1.0,75.0,56.21552721500639,3.0,5.499999999999999
sjuush,917,23825,479,1.03,1.0,15966.666666666653,16445.666666666653,0.6902693249387892,0.6701643931444555,1.0,75.0,52.5761514230868,3.0,5.499999999999997
floppy,753,19460,136,1.01,1.0,13599.999999999987,13735.999999999987,0.7058581706063713,0.6988694758478925,1.0,75.0,49.091615174301744,3.0,5.628478037151266
buster,1090,29108,846,1.05,1.0,16919.999999999985,17765.999999999985,0.6103476707434378,0.5812834959461312,1.0,75.0,63.3654848422522,3.0,5.5
Lekr0,1146,30656,349,1.02,1.0,17449.999999999985,17798.999999999985,0.5806041231732771,0.5692197286012521,1.0,75.0,64.82991659618361,3.0,5.5
nexa,1230,32248,625,1.03,1.0,20833.333333333314,21458.333333333314,0.6654159431075823,0.6460348962209537,1.0,75.0,55.50525312829883,3.0,5.499999999999996
AMANEK,885,23941,545,1.04,1.0,13624.999999999987,14169.999999999987,0.5918716845578709,0.5691073889979528,1.0,75.0,64.84355360339642,3.0,5.499999999999998
disco doplan,736,19557,264,1.02,1.0,13199.999999999989,13463.999999999989,0.6884491486424292,0.6749501457278718,1.0,75.0,51.99520453897857,3.0,5.4999999999999964
flamie,1178,31401,402,1.02,1.0,20099.99999999998,20501.99999999998,0.6529091430209223,0.6401070029616885,1.0,75.0,56.22484551387885,3.0,5.4999999999999964
tarik,1152,30079,82,1.0,1.0,21055.3,21055.3,0.7,0.7,1.0,75.0,48.95437981327372,3.0,5.500000000000006
Maden,834,21574,-63,1.0,1.0,15101.8,15101.8,0.7,0.7,1.0,75.0,48.95437981327372,3.0,5.500000000000006
Snax,1412,36961,387,1.02,1.0,19349.99999999998,19736.99999999998,0.5339952923351636,0.5235247964070231,1.0,75.0,70.3768662169733,3.0,5.5
n0rb3r7,940,24296,-80,1.0,0.99,17007.2,17007.2,0.7000000000000001,0.7000000000000001,0.99,74.25,48.59020706887317,3.0,5.500000000000003
refrezh,971,25541,241,1.01,0.99,24099.999999999978,24340.999999999978,0.9530167182177667,0.9435809091265016,0.99,74.25,19.317382776014746,3.0,3.434097576288982
Stewie2K,1341,35169,-125,0.99,0.99,12499.999999999989,12374.999999999989,0.3518723876140916,0.3554266541556481,0.99,74.25,90.0,3.0,3.5000000000000004
Grim,746,19388,-194,0.99,0.99,19399.99999999998,19205.99999999998,0.9906127501547339,1.0006189395502363,0.99,74.25,12.46272307139244,3.0,3.434097576288982
niko,1232,32547,213,1.01,0.99,21299.99999999998,21512.99999999998,0.6609825790395423,0.6544381970688538,0.99,74.25,54.06568811725299,3.0,5.4999999999999964
reatz,819,22100,-15,1.0,0.99,15469.999999999998,15469.999999999998,0.7,0.7,0.99,74.25,48.590207068873184,3.0,5.500000000000006
MINISE,821,22154,-50,1.0,0.99,15507.8,15507.8,0.7,0.7,0.99,74.25,48.590207068873184,3.0,5.500000000000006
Aerial,703,18813,-17,1.0,0.99,13169.099999999999,13169.099999999999,0.7,0.7,0.99,74.25,48.590207068873184,3.0,5.500000000000006
SHOCK,693,17870,29,1.0,0.99,12509.0,12509.0,0.7,0.7,0.99,74.25,48.590207068873184,3.0,5.500000000000006
GeT_RiGhT,897,23687,-28,1.0,0.99,16580.899999999998,16580.899999999998,0.7,0.7,0.99,74.25,48.590207068873184,3.0,5.500000000000006
SZPERO,1123,29867,119,1.01,0.99,11899.999999999989,12018.999999999989,0.40241738373455616,0.39843305320253086,0.99,74.25,84.83161973866291,3.0,3.572391250720139
chelo,754,19394,-269,0.98,0.99,13449.999999999987,13180.999999999987,0.6796431886150349,0.6935134577704438,0.99,74.25,49.369740291057646,3.0,5.4999999999999964
Kylar,690,18081,49,1.0,0.99,12656.699999999999,12656.699999999999,0.7,0.7,0.99,74.25,48.590207068873184,3.0,5.500000000000006
PlesseN,743,20061,-467,0.97,0.99,15566.666666666653,15099.666666666653,0.7526876360434003,0.7759666350962889,0.99,74.25,39.46076433352946,3.0,6.3044019520192105
magixx,832,21529,291,1.02,0.98,14549.999999999987,14840.999999999987,0.6893492498490402,0.6758325978912159,0.98,73.5,51.10106331379518,3.0,5.499999999999996
innocent,974,25599,-185,0.99,0.98,18499.99999999998,18314.99999999998,0.715457635063869,0.722684479862494,0.98,73.5,45.52741835744371,3.0,5.827312390494406
Goofy,724,19195,-146,0.99,0.98,14599.999999999987,14453.999999999987,0.753008595988538,0.7606147434227657,0.98,73.5,41.01511675309423,3.0,6.0871043657017925
Lucky,1207,31544,179,1.01,0.98,17899.999999999985,18078.999999999985,0.5731359371037277,0.5674613238650769,0.98,73.5,63.99324564404735,3.0,5.5
es3tag,1176,30878,-74,1.0,0.98,21614.6,21614.6,0.7,0.7,0.98,73.5,48.226034324472636,3.0,5.500000000000006
byali,856,22529,-113,0.99,0.98,11299.999999999989,11186.999999999989,0.4965599893470633,0.5015757468152154,0.98,73.5,71.83119790486342,3.0,5.386663992197242
TENZKI,785,20894,26,1.0,0.98,14625.8,14625.8,0.7,0.7,0.98,73.5,48.226034324472636,3.0,5.500000000000006
alex,961,25456,-58,1.0,0.98,17819.199999999997,17819.199999999997,0.6999999999999998,0.6999999999999998,0.98,73.5,48.22603432447265,3.0,5.500000000000004
Plopski,844,22358,-44,1.0,0.98,15650.599999999999,15650.599999999999,0.7,0.7,0.98,73.5,48.226034324472636,3.0,5.500000000000006
FugLy,761,20092,-90,0.99,0.98,8999.999999999993,8909.999999999993,0.4434600836153689,0.44793947839936255,0.98,73.5,78.21193448054244,3.0,4.5718200666437445
Zero,785,20911,89,1.01,0.98,8899.999999999993,8988.999999999993,0.429869446702692,0.4256133135670218,0.98,73.5,80.86792418206036,3.0,4.277287611269206
ALEX,904,24056,-674,0.96,0.98,16849.999999999985,16175.999999999985,0.6724309943465242,0.7004489524442961,0.98,73.5,48.17262555151606,3.0,5.499999999999999
Perfecto,794,20698,331,1.03,0.97,11033.333333333323,11364.333333333323,0.5490546590652876,0.5330627757915414,0.97,72.75,67.5185840701137,3.0,5.5
almazer,872,23718,-190,0.99,0.97,18999.99999999998,18809.99999999998,0.7930685555274467,0.801079349017623,0.97,72.75,35.95985037475579,3.0,6.532632304140307
Krad,1103,29108,-587,0.97,0.97,19566.66666666665,18979.66666666665,0.652042966423892,0.6722092437359712,0.97,72.75,51.13420054617502,3.0,5.499999999999997
F1KU,752,19756,-461,0.97,0.97,15366.666666666653,14905.666666666653,0.7544880880070183,0.777822771141256,0.97,72.75,38.6982935203836,3.0,5.910392106926047
MODDII,838,22015,-192,0.99,0.97,19199.99999999998,19007.99999999998,0.8634113104701332,0.8721326368385184,0.97,72.75,27.593383474860936,3.0,4.160099930756219
hampus,1220,32175,-917,0.96,0.97,22924.999999999978,22007.999999999978,0.6840093240093233,0.7125097125097118,0.97,72.75,46.388853097994144,3.0,5.4999999999999964
Djoko,719,18385,-600,0.95,0.97,11999.999999999989,11399.999999999989,0.6200707098177857,0.6527060103345113,0.97,72.75,53.43069043001474,3.0,5.499999999999997
STYKO,1614,42389,-610,0.98,0.97,30499.999999999975,29889.999999999975,0.7051357663544782,0.7195262921984471,0.97,72.75,45.56265654162572,3.0,5.612999477260587
b0RUP,1063,28725,-659,0.97,0.97,21966.666666666646,21307.666666666646,0.7417812590658537,0.7647229474905708,0.97,72.75,40.24078710976099,3.0,5.698518929640739
AZR,964,25481,-627,0.96,0.97,15674.999999999985,15047.999999999985,0.5905576704210975,0.6151642400219766,0.97,72.75,57.851203376227886,3.0,5.499999999999997
JUST,687,17719,-326,0.97,0.97,10866.666666666657,10540.666666666657,0.594879319750926,0.6132776492277587,0.97,72.75,58.07334790912067,3.0,5.4999999999999964
NBK-,1356,36078,-1044,0.96,0.96,26099.999999999978,25055.999999999978,0.6944952602694157,0.7234325627806414,0.96,72.0,44.76696861289902,3.0,5.274337326280259
chrisJ,1154,30522,-593,0.97,0.96,19766.66666666665,19173.66666666665,0.628191686870672,0.6476202957429608,0.96,72.0,53.60177224372747,3.0,5.4999999999999964
RpK,1171,30722,-819,0.96,0.96,20474.99999999998,19655.99999999998,0.6398020962176936,0.6664605168934308,0.96,72.0,51.40622183045393,3.0,5.499999999999998
freddieb,853,22821,-552,0.97,0.96,18399.999999999985,17847.999999999985,0.782086674554138,0.8062749222207609,0.96,72.0,35.112911208123194,3.0,6.043046801195887
pashaBiceps,750,19662,-521,0.96,0.96,13024.999999999989,12503.999999999989,0.6359475129691786,0.6624453260095611,0.96,72.0,51.8741332171646,3.0,5.4999999999999964
nitr0,1325,34994,-573,0.98,0.96,28649.999999999975,28076.999999999975,0.8023375435788985,0.8187117791621413,0.96,72.0,33.663578624424176,3.0,5.613627085741315
kioShiMa,804,21305,-166,0.99,0.96,16599.999999999985,16433.999999999985,0.7713682234217313,0.7791598216381125,0.96,72.0,38.27277699816473,3.0,5.998855257378816
Furlan,1438,38224,-1303,0.95,0.96,26059.999999999978,24756.999999999978,0.6476820845542062,0.6817706153202171,0.96,72.0,49.622055250893865,3.0,5.499999999999997
xseveN,893,23863,-493,0.97,0.96,16433.333333333318,15940.333333333318,0.6679936861808372,0.6886532847225125,0.96,72.0,48.819981457282495,3.0,5.499999999999997
bodyy,1297,33759,-901,0.96,0.96,22524.99999999998,21623.99999999998,0.6405403003643467,0.6672294795461946,0.96,72.0,51.3166105537824,3.0,5.499999999999997
apEX,1676,43915,-1334,0.96,0.96,33349.99999999997,32015.99999999997,0.7290447455311391,0.7594216099282699,0.96,72.0,40.57297499110306,3.0,5.319708464375926
mopoz,967,25626,-957,0.95,0.96,19139.99999999998,18182.99999999998,0.7095527979395919,0.7468976820416757,0.96,72.0,42.03245441162642,3.0,4.984967721156612
gade,777,20590,-610,0.96,0.96,15249.999999999987,14639.999999999987,0.7110247693054875,0.7406508013598828,0.96,72.0,42.76043638981242,3.0,5.011404812693159
v1c7oR,1092,28766,-895,0.96,0.96,22374.99999999998,21479.99999999998,0.7467148717235619,0.7778279913787104,0.96,72.0,38.42798220797022,3.0,5.599700376847486
Edward,763,20137,-364,0.97,0.96,12133.333333333323,11769.333333333323,0.5844630944695497,0.6025392726490204,0.96,72.0,58.85530181188889,3.0,5.499999999999998
gla1ve,1573,41255,-803,0.97,0.96,26766.666666666642,25963.666666666642,0.6293459378661167,0.6488102452228007,0.96,72.0,53.46310115004065,3.0,5.4999999999999964
RUSH,1236,32353,-860,0.96,0.96,21499.99999999998,20639.99999999998,0.6379624764318604,0.664544246283188,0.96,72.0,51.62953495914071,3.0,5.499999999999996
Jerry,1320,35699,-898,0.96,0.96,22449.99999999998,21551.99999999998,0.6037143897588163,0.6288691559987669,0.96,72.0,55.786941530537426,3.0,5.4999999999999964
VINI,895,23272,-703,0.95,0.95,14059.999999999987,13356.999999999987,0.5739515297353037,0.6041595049845302,0.95,71.25,58.18597318785954,3.0,5.499999999999997
facecrack,789,21350,-1027,0.93,0.95,14671.428571428582,13644.428571428582,0.6390833054533294,0.6871863499498164,0.95,71.25,48.61120375771612,3.0,5.4999999999999964
ANGE1,902,23617,-1290,0.93,0.95,18428.571428571442,17138.571428571442,0.7256879124601534,0.7803095832904875,0.95,71.25,37.872104997560115,3.0,5.113561033545599
AdreN,1024,27424,-1000,0.95,0.95,19999.99999999998,18999.99999999998,0.6928238039673272,0.7292882147024498,0.95,71.25,43.75595907445626,3.0,4.696350351926586
LUCAS1,726,19015,-596,0.95,0.95,11919.999999999989,11323.999999999989,0.595529844859321,0.6268735209045485,0.95,71.25,55.56656177510849,3.0,5.499999999999997
bubble,1382,36559,-1018,0.96,0.95,25449.999999999978,24431.999999999978,0.6682896140485237,0.6961350146338788,0.95,71.25,47.57923149508963,3.0,5.4999999999999964
Spiidi,1494,40037,-1062,0.96,0.95,26549.999999999978,25487.999999999978,0.6366111347004015,0.6631365986462516,0.95,71.25,51.38465400359985,3.0,5.4999999999999964
RuStY,793,21680,-734,0.95,0.95,14679.999999999987,13945.999999999987,0.6432656826568259,0.6771217712177116,0.95,71.25,49.77186475611633,3.0,5.499999999999997
JACKZ,915,24673,-914,0.95,0.95,18279.999999999985,17365.999999999985,0.7038463097312846,0.7408908523487207,0.95,71.25,42.41792701637921,3.0,4.740302121230944
MUTiRiS,812,20891,-631,0.95,0.94,12619.999999999989,11988.999999999989,0.5738834904983002,0.6040878847350528,0.94,70.5,57.713631194556825,3.0,5.499999999999997
chopper,1148,29961,-1004,0.95,0.94,20079.99999999998,19075.99999999998,0.6366943693468169,0.6702045993124389,0.94,70.5,50.16922083639338,3.0,5.499999999999996
k1to,1236,32950,-1652,0.93,0.94,23600.00000000002,21948.00000000002,0.6661001517450689,0.7162367223065256,0.94,70.5,44.91661220717357,3.0,5.426578921860531
arT,911,23670,-1331,0.92,0.94,16637.500000000007,15306.500000000007,0.6466624419095905,0.7028939585973809,0.94,70.5,46.43912108223235,3.0,5.499999999999997
stanislaw,1186,30906,-1124,0.95,0.94,22479.99999999998,21355.99999999998,0.6909985116158669,0.7273668543324915,0.94,70.5,43.64658111320351,3.0,4.582097161778025
roman,795,20421,-873,0.94,0.94,14549.999999999987,13676.999999999987,0.6697517261642421,0.7125018363449384,0.94,70.5,45.342790557311915,3.0,5.4999999999999964
Lack1,1015,26255,-1414,0.92,0.94,17675.000000000007,16261.000000000007,0.6193486954865742,0.6732051037897546,0.94,70.5,49.82684089203179,3.0,5.499999999999997
ZEDKO,766,20203,-897,0.93,0.94,12814.285714285723,11917.285714285723,0.589877033821003,0.6342763804526913,0.94,70.5,54.268898629647694,3.0,5.499999999999997
phr,819,21964,-832,0.94,0.94,13866.666666666655,13034.666666666655,0.5934559582346866,0.6313361257815815,0.94,70.5,54.60440362166292,3.0,5.4999999999999964
NickelBack,948,25523,-1114,0.94,0.93,18566.66666666665,17452.66666666665,0.6838015384816303,0.7274484451932237,0.93,69.75,43.30641816165125,3.0,4.499834239995339
SPELLAN,754,19812,-935,0.93,0.93,13357.142857142866,12422.142857142866,0.6270009518041019,0.6741945718323675,0.93,69.75,49.318437017303644,3.0,5.499999999999997
Boombl4,1018,26502,-1401,0.92,0.93,17512.500000000007,16111.500000000007,0.6079352501697988,0.6607991849671726,0.93,69.75,50.83068980437518,3.0,5.499999999999997
tiziaN,1194,32089,-1483,0.93,0.92,21185.7142857143,19702.7142857143,0.614002128010044,0.6602173419462838,0.92,69.0,50.483910852046904,3.0,5.499999999999997
Snappi,1642,42898,-2196,0.92,0.92,27450.000000000015,25254.000000000015,0.5886987738356104,0.639889971560446,0.92,69.0,52.75406429173634,3.0,5.4999999999999964
NEKIZ,729,19146,-1266,0.91,0.92,14066.666666666672,12800.666666666672,0.6685817751314463,0.7347052473971938,0.92,69.0,42.165128266550404,3.0,4.451780559938107
MAJ3R,953,24669,-1118,0.93,0.92,15971.428571428583,14853.428571428583,0.6021090669029382,0.6474291041967077,0.92,69.0,51.91209666082188,3.0,5.499999999999997
steel,928,24596,-1316,0.92,0.92,16450.000000000007,15134.000000000007,0.6153033013498133,0.6688079362497971,0.92,69.0,49.52451635896067,3.0,5.499999999999997
denis,1278,34257,-2298,0.91,0.92,25533.333333333343,23235.333333333343,0.6782652693853327,0.745346449873992,0.92,69.0,40.97672258757652,3.0,4.41949117662407
interz,751,20013,-473,0.96,0.92,11824.999999999989,11351.999999999989,0.5672312996552236,0.5908659371408579,0.92,69.0,58.22905088629453,3.0,5.499999999999998
Surreal,1195,31610,-1910,0.91,0.92,21222.22222222223,19312.22222222223,0.6109529333192734,0.6713768498013992,0.92,69.0,49.23762101417481,3.0,5.499999999999997
Keoz,742,19489,-1440,0.9,0.92,14400.000000000004,12960.000000000004,0.6649905074657501,0.7388783416286112,0.92,69.0,41.699078598355214,3.0,4.4622420683340955
nafany,1036,26720,-1874,0.9,0.91,18740.000000000004,16866.000000000004,0.6312125748502996,0.7013473053892217,0.91,68.25,45.52799403699016,3.0,5.499999999999997
Aleksib,1103,29058,-1627,0.92,0.91,20337.50000000001,18710.50000000001,0.6439018514694752,0.699893316814647,0.91,68.25,45.688609949880906,3.0,5.499999999999997
seized,755,19346,-1207,0.91,0.91,13411.111111111115,12204.111111111115,0.6308338215192347,0.6932239796914668,0.91,68.25,46.42534316027013,3.0,5.499999999999997
TACO,1281,33535,-1835,0.92,0.91,22937.50000000001,21102.50000000001,0.6292679290293727,0.6839868793797528,0.91,68.25,47.44572621208552,3.0,5.499999999999997
AcilioN,1066,28465,-1969,0.9,0.91,19690.000000000004,17721.000000000004,0.6225540137010365,0.6917266818900405,0.91,68.25,46.590743258627654,3.0,5.499999999999997
TaZ,952,25406,-1750,0.9,0.9,17500.000000000004,15750.000000000004,0.6199322994568214,0.6888136660631349,0.9,67.5,46.53477974813903,3.0,5.499999999999997
Xizt,846,22353,-1426,0.91,0.9,15844.44444444445,14418.44444444445,0.645033975056791,0.7088285440184517,0.9,67.5,44.34811783799013,3.0,5.002890671471348
NEO,827,21766,-1690,0.89,0.9,15363.636363636366,13673.636363636366,0.6282108041733147,0.7058548361497917,0.9,67.5,44.67300084466275,3.0,5.23303593124565
MSL,1078,28558,-2765,0.87,0.89,21269.23076923077,18504.23076923077,0.6479526146519634,0.7447731202896131,0.89,66.75,40.111285097798714,3.0,4.201631341342106
S0tF1k,783,20761,-1810,0.87,0.89,13923.076923076922,12113.076923076922,0.5834534426606099,0.6706361409892068,0.89,66.75,48.12088970443928,3.0,5.4999999999999964
beastik,698,17991,-1579,0.87,0.89,12146.153846153846,10567.153846153846,0.58735778145483,0.6751238867296896,0.89,66.75,47.6360430153025,3.0,5.4999999999999964
neaLaN,714,19061,-1676,0.87,0.89,12892.307692307691,11216.307692307691,0.5884427727982631,0.6763710032163943,0.89,66.75,47.501307151349216,3.0,5.4999999999999964
friberg,1090,29135,-2745,0.87,0.89,21115.384615384613,18370.384615384613,0.6305263296854167,0.724742907684387,0.89,66.75,42.27530748809227,3.0,4.201631341342106
Golden,758,20240,-1980,0.86,0.88,14142.857142857141,12162.857142857141,0.6009316770186335,0.6987577639751552,0.88,66.0,44.71700750782642,3.0,5.2567583241658555
Zeus,767,20425,-1798,0.87,0.88,13830.76923076923,12032.76923076923,0.5891196685811129,0.6771490443461068,0.88,66.0,47.02533748204554,3.0,5.4999999999999964
karrigan,1844,48078,-5011,0.85,0.87,33406.666666666664,28395.666666666664,0.5906166368540011,0.6948431021811777,0.87,65.25,44.76475460913604,3.0,5.2904246201054
JT,869,22516,-2702,0.83,0.85,15894.11764705882,13192.11764705882,0.5858997000825555,0.7059032531115127,0.85,63.75,42.88267754608758,3.0,4.135478009807711
MiGHTYMAX,743,19936,-2226,0.83,0.85,13094.11764705882,10868.11764705882,0.5451503635161928,0.6568076668869793,0.85,63.75,47.948471951867745,3.0,5.499999999999996
gob b,677,17904,-2059,0.83,0.85,12111.76470588235,10052.76470588235,0.561481496083688,0.6764837302213108,0.85,63.75,45.91825092322008,3.0,5.499999999999996
daps,817,21446,-2339,0.84,0.85,14618.749999999996,12279.749999999996,0.5725892940408466,0.6816539214771984,0.85,63.75,45.384778813912604,3.0,5.499999999999996
kRYSTAL,854,22632,-2744,0.82,0.84,15244.44444444444,12500.44444444444,0.5523349436392913,0.6735791995601114,0.84,63.0,45.821701816391965,3.0,5.499999999999997
HooXi,705,18288,-2755,0.78,0.81,12522.727272727274,9767.727272727274,0.5341058219995228,0.6847510538455421,0.81,60.75000000000001,43.53447532364038,3.0,4.304358940390211
HUNDEN,756,20144,-3703,0.74,0.77,14242.307692307691,10539.307692307691,0.5231983564489521,0.7070248060120975,0.77,57.75,39.92179101842247,3.0,2.9988712189651427
