Player,Maps,Rounds,K-D Diff,K/D,Rating1.0
ZywOo,1102,28688,6476,1.38,1.25
s1mple,1363,36228,8168,1.36,1.25
sh1ro,964,25288,5726,1.42,1.21
device,1595,41412,6311,1.25,1.16
NiKo,1705,44698,5507,1.19,1.14
blameF,1047,27669,4009,1.24,1.14
XANTARES,1640,43384,4446,1.15,1.13
coldzera,1364,35678,4516,1.2,1.12
KSCERATO,949,24517,3280,1.23,1.12
oskar,1387,35997,4186,1.18,1.12
ropz,1446,37702,4632,1.2,1.11
Jame,1317,34424,5189,1.28,1.11
El1an,735,19721,2402,1.2,1.11
xsepower,845,23019,2863,1.21,1.1
woxic,1110,28841,3047,1.17,1.09
frozen,1122,28942,2774,1.15,1.09
Twistzz,1600,41831,3896,1.15,1.09
Ax1Le,1007,26355,2373,1.14,1.09
kennyS,1271,34009,3294,1.15,1.09
zorte,812,20975,2278,1.18,1.08
nawwk,1010,26342,2839,1.18,1.08
HEN1,1176,30378,3394,1.19,1.08
dream3r,684,18046,1663,1.15,1.08
hades,812,21263,2060,1.16,1.08
huNter-,1378,36173,2593,1.11,1.08
GuardiaN,886,23195,2065,1.14,1.08
EliGE,1719,45003,2887,1.09,1.07
NAF,1648,43060,3836,1.14,1.07
syrsoN,1401,37316,3145,1.13,1.07
Brehze,1091,28719,1771,1.09,1.07
poizon,694,18551,1313,1.11,1.07
valde,1216,32352,2374,1.11,1.07
broky,985,25743,2313,1.15,1.07
CeRq,1048,27326,2181,1.13,1.07
yuurih,950,24545,1878,1.12,1.07
allu,1030,27363,2151,1.12,1.07
oSee,792,21122,1836,1.14,1.07
electroNic,1460,38051,2454,1.1,1.07
mir,967,25392,1758,1.1,1.07
fer,1212,31983,1837,1.08,1.06
k0nfig,1547,41086,1839,1.06,1.06
Magisk,1638,42751,3118,1.12,1.06
JUGi,697,18216,1581,1.14,1.06
draken,938,24851,1875,1.12,1.06
nicoodoz,783,20338,1627,1.13,1.06
autimatic,1105,28923,1731,1.09,1.06
FL1T,1272,33622,2268,1.1,1.06
f0rest,1254,33319,2000,1.09,1.05
snatchie,1156,31019,1520,1.07,1.05
dupreeh,1692,43855,2653,1.09,1.05
ZOREE,834,22437,1525,1.11,1.05
ScreaM,776,20405,976,1.07,1.05
MICHU,1122,29586,1205,1.06,1.05
nex,693,18432,986,1.08,1.05
Ethan,885,23442,972,1.06,1.05
slaxz-,784,21025,1392,1.11,1.05
FalleN,1615,42028,2954,1.12,1.05
faveN,1236,32883,1696,1.08,1.04
Calyx,999,25948,1569,1.1,1.04
zehN,801,21430,980,1.07,1.04
dennyslaw,869,23610,1310,1.09,1.04
Maka,1139,29618,1658,1.09,1.04
jks,1245,32749,1718,1.08,1.04
HObbit,1264,33286,1645,1.08,1.04
acoR,922,24094,1343,1.09,1.04
stavn,1162,30744,1396,1.07,1.04
tabseN,1693,44827,964,1.03,1.04
iDISBALANCE,815,21057,1414,1.11,1.04
paz,741,19632,821,1.06,1.04
suNny,923,24540,789,1.05,1.04
cajunb,1147,30159,1572,1.08,1.04
dycha,1008,26488,821,1.05,1.04
hallzerk,716,18822,858,1.07,1.04
mou,979,26250,1264,1.07,1.03
shox,1309,34623,1423,1.06,1.03
Rainwaker,847,23001,1041,1.07,1.03
ISSAA,683,18045,749,1.06,1.03
cadiaN,1319,34857,2045,1.1,1.03
rallen,1333,35452,1505,1.06,1.03
Kjaerbye,1171,31052,1172,1.06,1.03
SHiPZ,1228,32888,694,1.03,1.03
Brollan,1116,29415,701,1.04,1.02
YEKINDAR,935,24792,253,1.01,1.02
felps,907,23030,282,1.02,1.02
koosta,734,19649,373,1.03,1.02
Skadoodle,704,18266,1075,1.1,1.02
KRIMZ,1572,40926,1560,1.06,1.02
hAdji,909,23857,672,1.04,1.02
REZ,1513,39717,981,1.04,1.02
jkaem,1388,36245,392,1.02,1.02
Happy,713,18493,633,1.05,1.02
KENSI,792,20413,706,1.05,1.02
boltz,968,25814,895,1.05,1.02
roeJ,841,21846,470,1.03,1.02
sdy,1189,31124,1249,1.06,1.02
CRUC1AL,1063,28000,884,1.05,1.01
TeSeS,943,24747,551,1.03,1.01
olofmeister,1052,27691,810,1.04,1.01
Forester,1021,27040,657,1.04,1.01
rain,1724,45193,407,1.01,1.01
bondik,840,22263,658,1.05,1.01
dennis,1060,28188,381,1.02,1.01
jabbi,746,19519,502,1.04,1.01
mouz,950,25382,654,1.04,1.01
flusha,1148,30294,583,1.03,1.01
twist,1136,30296,393,1.02,1
GruBy,1017,26973,227,1.01,1
aizy,1122,29819,317,1.02,1
JW,1354,35632,265,1.01,1
Qikert,1232,32533,752,1.04,1
Xyp9x,1514,40051,1282,1.05,1
sjuush,917,23825,479,1.03,1
floppy,753,19460,136,1.01,1
buster,1090,29108,846,1.05,1
Lekr0,1146,30656,349,1.02,1
nexa,1230,32248,625,1.03,1
AMANEK,885,23941,545,1.04,1
disco doplan,736,19557,264,1.02,1
flamie,1178,31401,402,1.02,1
tarik,1152,30079,82,1,1
Maden,834,21574,-63,1,1
Snax,1412,36961,387,1.02,1
n0rb3r7,940,24296,-80,1,0.99
refrezh,971,25541,241,1.01,0.99
Stewie2K,1341,35169,-125,0.99,0.99
Grim,746,19388,-194,0.99,0.99
niko,1232,32547,213,1.01,0.99
reatz,819,22100,-15,1,0.99
MINISE,821,22154,-50,1,0.99
Aerial,703,18813,-17,1,0.99
SHOCK,693,17870,29,1,0.99
GeT_RiGhT,897,23687,-28,1,0.99
SZPERO,1123,29867,119,1.01,0.99
chelo,754,19394,-269,0.98,0.99
Kylar,690,18081,49,1,0.99
PlesseN,743,20061,-467,0.97,0.99
magixx,832,21529,291,1.02,0.98
innocent,974,25599,-185,0.99,0.98
Goofy,724,19195,-146,0.99,0.98
Lucky,1207,31544,179,1.01,0.98
es3tag,1176,30878,-74,1,0.98
byali,856,22529,-113,0.99,0.98
TENZKI,785,20894,26,1,0.98
alex,961,25456,-58,1,0.98
Plopski,844,22358,-44,1,0.98
FugLy,761,20092,-90,0.99,0.98
Zero,785,20911,89,1.01,0.98
ALEX,904,24056,-674,0.96,0.98
Perfecto,794,20698,331,1.03,0.97
almazer,872,23718,-190,0.99,0.97
Krad,1103,29108,-587,0.97,0.97
F1KU,752,19756,-461,0.97,0.97
MODDII,838,22015,-192,0.99,0.97
hampus,1220,32175,-917,0.96,0.97
Djoko,719,18385,-600,0.95,0.97
STYKO,1614,42389,-610,0.98,0.97
b0RUP,1063,28725,-659,0.97,0.97
AZR,964,25481,-627,0.96,0.97
JUST,687,17719,-326,0.97,0.97
NBK-,1356,36078,-1044,0.96,0.96
chrisJ,1154,30522,-593,0.97,0.96
RpK,1171,30722,-819,0.96,0.96
freddieb,853,22821,-552,0.97,0.96
pashaBiceps,750,19662,-521,0.96,0.96
nitr0,1325,34994,-573,0.98,0.96
kioShiMa,804,21305,-166,0.99,0.96
Furlan,1438,38224,-1303,0.95,0.96
xseveN,893,23863,-493,0.97,0.96
bodyy,1297,33759,-901,0.96,0.96
apEX,1676,43915,-1334,0.96,0.96
mopoz,967,25626,-957,0.95,0.96
gade,777,20590,-610,0.96,0.96
v1c7oR,1092,28766,-895,0.96,0.96
Edward,763,20137,-364,0.97,0.96
gla1ve,1573,41255,-803,0.97,0.96
RUSH,1236,32353,-860,0.96,0.96
Jerry,1320,35699,-898,0.96,0.96
VINI,895,23272,-703,0.95,0.95
facecrack,789,21350,-1027,0.93,0.95
ANGE1,902,23617,-1290,0.93,0.95
AdreN,1024,27424,-1000,0.95,0.95
LUCAS1,726,19015,-596,0.95,0.95
bubble,1382,36559,-1018,0.96,0.95
Spiidi,1494,40037,-1062,0.96,0.95
RuStY,793,21680,-734,0.95,0.95
JACKZ,915,24673,-914,0.95,0.95
MUTiRiS,812,20891,-631,0.95,0.94
chopper,1148,29961,-1004,0.95,0.94
k1to,1236,32950,-1652,0.93,0.94
arT,911,23670,-1331,0.92,0.94
stanislaw,1186,30906,-1124,0.95,0.94
roman,795,20421,-873,0.94,0.94
Lack1,1015,26255,-1414,0.92,0.94
ZEDKO,766,20203,-897,0.93,0.94
phr,819,21964,-832,0.94,0.94
NickelBack,948,25523,-1114,0.94,0.93
SPELLAN,754,19812,-935,0.93,0.93
Boombl4,1018,26502,-1401,0.92,0.93
tiziaN,1194,32089,-1483,0.93,0.92
Snappi,1642,42898,-2196,0.92,0.92
NEKIZ,729,19146,-1266,0.91,0.92
MAJ3R,953,24669,-1118,0.93,0.92
steel,928,24596,-1316,0.92,0.92
denis,1278,34257,-2298,0.91,0.92
interz,751,20013,-473,0.96,0.92
Surreal,1195,31610,-1910,0.91,0.92
Keoz,742,19489,-1440,0.9,0.92
nafany,1036,26720,-1874,0.9,0.91
Aleksib,1103,29058,-1627,0.92,0.91
seized,755,19346,-1207,0.91,0.91
TACO,1281,33535,-1835,0.92,0.91
AcilioN,1066,28465,-1969,0.9,0.91
TaZ,952,25406,-1750,0.9,0.9
Xizt,846,22353,-1426,0.91,0.9
NEO,827,21766,-1690,0.89,0.9
MSL,1078,28558,-2765,0.87,0.89
S0tF1k,783,20761,-1810,0.87,0.89
beastik,698,17991,-1579,0.87,0.89
neaLaN,714,19061,-1676,0.87,0.89
friberg,1090,29135,-2745,0.87,0.89
Golden,758,20240,-1980,0.86,0.88
Zeus,767,20425,-1798,0.87,0.88
karrigan,1844,48078,-5011,0.85,0.87
JT,869,22516,-2702,0.83,0.85
MiGHTYMAX,743,19936,-2226,0.83,0.85
gob b,677,17904,-2059,0.83,0.85
daps,817,21446,-2339,0.84,0.85
kRYSTAL,854,22632,-2744,0.82,0.84
HooXi,705,18288,-2755,0.78,0.81
HUNDEN,756,20144,-3703,0.74,0.77
